{"cameraMode":{"drawMode":0,"name":"Shaded","section":"Shading Mode"},"sceneLighting":false,"audioPlay":false,"sceneViewState":{"showFog":true,"showMaterialUpdate":false,"showSkybox":false,"showFlares":true,"showImageEffects":true,"showParticleSystems":true},"in2DMode":false,"pivot":{"x":16.742366790771486,"y":-2.135666847229004,"z":0.8110179901123047},"rotation":{"x":-0.2654842734336853,"y":-0.02688976377248764,"z":0.007438961882144213,"w":-0.9637288451194763},"size":12.913040161132813,"orthographic":false}