{"cameraMode":{"drawMode":0,"name":"Shaded","section":"Shading Mode"},"sceneLighting":false,"audioPlay":false,"sceneViewState":{"showFog":true,"showMaterialUpdate":false,"showSkybox":true,"showFlares":true,"showImageEffects":true,"showParticleSystems":true},"in2DMode":false,"pivot":{"x":-0.440000057220459,"y":21.892499923706056,"z":-4.510000228881836},"rotation":{"x":-0.18455463647842408,"y":0.14884865283966065,"z":-0.02829056791961193,"w":-0.9710893034934998},"size":6.429087162017822,"orthographic":false}