{"cameraMode":{"drawMode":0,"name":"Shaded","section":"Shading Mode"},"sceneLighting":false,"audioPlay":false,"sceneViewState":{"showFog":true,"showMaterialUpdate":false,"showSkybox":true,"showFlares":true,"showImageEffects":true,"showParticleSystems":true},"in2DMode":false,"pivot":{"x":17.80777359008789,"y":19.924421310424806,"z":0.4483267664909363},"rotation":{"x":-0.3311067223548889,"y":-0.5239869952201843,"z":0.23137032985687257,"w":-0.7498648166656494},"size":6.804433822631836,"orthographic":false}