{"cameraMode":{"drawMode":0,"name":"Shaded","section":"Shading Mode"},"sceneLighting":false,"audioPlay":false,"sceneViewState":{"showFog":true,"showMaterialUpdate":false,"showSkybox":false,"showFlares":true,"showImageEffects":true,"showParticleSystems":true},"in2DMode":false,"pivot":{"x":39.290000915527347,"y":3.460219621658325,"z":-18.09000015258789},"rotation":{"x":-0.2702026963233948,"y":-0.4792462885379791,"z":0.15791752934455872,"w":-0.8200007677078247},"size":6.0743865966796879,"orthographic":false}