{"cameraMode":{"drawMode":0,"name":"Shaded","section":"Shading Mode"},"sceneLighting":false,"audioPlay":false,"sceneViewState":{"showFog":true,"showMaterialUpdate":false,"showSkybox":false,"showFlares":true,"showImageEffects":true,"showParticleSystems":true},"in2DMode":false,"pivot":{"x":391.1000061035156,"y":233.39999389648438,"z":0.0},"rotation":{"x":-0.30462056398391726,"y":0.08471526205539704,"z":-0.02721613459289074,"w":-0.9483237266540527},"size":51.28936767578125,"orthographic":false}