{"cameraMode":{"drawMode":1,"name":"Wireframe","section":"Shading Mode"},"sceneLighting":false,"audioPlay":false,"sceneViewState":{"showFog":true,"showMaterialUpdate":false,"showSkybox":false,"showFlares":true,"showImageEffects":true,"showParticleSystems":true},"in2DMode":false,"pivot":{"x":1.2359733581542969,"y":-2.0734658241271974,"z":14.512214660644532},"rotation":{"x":-0.20310649275779725,"y":-0.6918051242828369,"z":0.21309728920459748,"w":-0.6593639254570007},"size":22.487844467163087,"orthographic":false}